"1","
<!-- rnb-source-begin eyJkYXRhIjoiYGBgclxuIyBDb21wdXRlIGhhYml0YXQgZnVuY3Rpb25hbGl0eSAoYW5kIGNvbnZlcnQgdG8gcmFzdGVyKVxuZnVuYyA8LSBDb25TY2FwZVI6Om1hdDJyYXN0KENvblNjYXBlUjo6Y29ubmVjdGVkX2hhYml0YXQoaCwgYWxwaGE9MS83NSksIGhhYilcbnBsb3QoZnVuYywgYXhlcz1GQUxTRSlcbmBgYCJ9 -->

```r
# Compute habitat functionality (and convert to raster)
func <- ConScapeR::mat2rast(ConScapeR::connected_habitat(h, alpha=1/75), hab)
plot(func, axes=FALSE)
```

<!-- rnb-source-end -->
"
"0","```r
# Compute habitat functionality (and convert to raster)
func <- ConScapeR::mat2rast(ConScapeR::connected_habitat(h, alpha=1/75), hab)
plot(func, axes=FALSE)
```"
"1","
<!-- rnb-plot-begin eyJoZWlnaHQiOjMzMS4yNzMyLCJ3aWR0aCI6NTM2LCJkcGkiOi0xLCJzaXplX2JlaGF2aW9yIjowLCJjb25kaXRpb25zIjpbXX0= -->

<img src=\"data:image/png;base64,iVBORw0KGgoAAAANSUhEUgAAAyQAAAHwCAMAAABg5FsmAAABp1BMVEUAAAAAADoAAGYAOmYAOpAAZrYem4kenYkfk4wflYsfmIofoIgfoYcgkYwgpIUhj40hpoUiio0ijI0jh44jqYMlgo4lhI4lrIEmgI4nfo4nrYAoe44peY4qdo4qsH4rc44scY4tb44tsnwubY4vao4waI4xZY4xtXozYo00YI01XY01t3g2W404WIw5VIw5uXY6AAA6Ojo6Uos6ZpA6ZrY6kLY6kNs8T4o9TYo9vHM+SYk/R4hARIdBvXFCPoVCQIZEAVREOIJEOoNFBFhFNIBGCFxGDF9GMn5GwG5HEGNHE2ZHK3pHLnxIF2lIG21IHm9IIXNIJHVIKHhLwWxQxGlWxmZbyGNgyl9mAABmADpmOgBmOjpmkLZmtttmtv9my1xszVlyz1Z40VJ/002F1EmL1kWQOgCQOjqQZjqQkGaQ2/+S10GZ2D2f2Tmm2zSt3C+03Su2ZgC2Zjq2kDq2kGa22/+2//+63ifB3yPI4B/P4RzW4hnbkDrbtmbbtpDb///d4xjk5Bjq5Rrw5Rz25iD95yX/tmb/25D/27b/29v//7b//9v////SQkCGAAAACXBIWXMAABYlAAAWJQFJUiTwAAAgAElEQVR4nO2d+4McVZmGK4EAIshVbuEqAgFFZlEJEgRRJMr9qpF1F8JlVG4hJiaALBF0iZuZP3qnnren39PV1VPdQ2dqpud9fjBV3VXVZzLvwzhfvnNOtRpC2JCq7wGEsN2JJCF0EElC6CCShNBBJAmhg0gSQgeRJIQOIkkIHUSSEDqIJCF0EElC6CCShNBBJAmhg0gSQgeRJIQOIkkIHUSSEDqIJCF0EElC6CCShNBBJAmhg0gSQgeRJIQOIkkIHUSSEDqIJCF0EElC6CCShNBBJAmhg0gSQgeRJIQOIkkIHUSSEDqIJCF0EElC6CCShNBBJAmhg0gSQgeRJIQOIkkIHUSSEDqIJCF0EElC6CCShNBBJAmhg0gSQgeRJIQOIkkIHUSSEDqIJCF0EElC6CCShJ3IuSP/zZ8rJ5eq6sdn1g/3/LF5OA8iSdiBnHu9QpKV5armwtqH4xzuWx09nAeRJOw8vlj78YEkn1cX/G3138vVQ6urX3OIPMXhXIgkYaex8qfqgr9gwMry3lOr9f/3WvuhcXzPe2uHZ5dGD+dCJAk7jXN/+OOZr5Hk7NJD6y+uLPP/ueo/isP5fGAkCXPkupprYFP3V620XChJ1v73i9fXfnH/2+CnyRrH954qDjf5ZTRHNZ/HhFDzjSX53xY2kuQ/sGjNhkgSdgjn5ydJy8+TdUmqn55Z/b8/V/siSdgpbPlPEn4nqX9/jyRhh/CNJflXC5MlObukKu+aDvnFPewQtliSwc8MKsEpAYdNQmqvAqJ7Sc23zOU1HPHOJVfX3FHzXeD+AzV31xRPuroN3tFFmxrujJKsHq9+cqb+x8R9+cfEsGkWXJJzr69Xt9KWEjbLTpPkny1sIMnqyl+XqvqnSX14wg2OJ9LgGKZmUSXZUnofQDivRJI50PsAwma5ueZG2F/D0e2wfwh5VYCvqMGHS+GiGszgtJDGuhSpv6JB0xRe5Hadb+priiRhriykJF+10HtGex9A2CyRZKvofQBhs0SSraL3AYTNspCSfNlC7xntfQBhFEJ+r6GoxIt3wc1DbqvZ3+A2c0MNUeboBheyLgYkIdqFJOYSY3OKc1Ahi+H4xUgSzi+RJJKEDiJJJAkd7HJJ/tFC7xntfQBhlEgSSUIHkSSSLDzKKrEh2jc3IL+3AIf0STUvurMGPe6mbwo9VN31/dypJ32/5jrj6m8xC4roEvJvA6Y4+UUhF3RuPwpTkIjWritc+LVZenFTf3uRZFcQSb6RJH9vofeM9j6ARSOSRJLQQSSJJKGDSBJJQiuk0m1UhSRF5Yn3eae4yObchhrcROjvAw7xQdJQ8nIJi7e/jyk8SYUsT7Uiv+rVciFLKb5sSNGR5a4u3WQ/isIX50XvVqMkphrXpv4eq89a6D2jvQ9gMYgkkSR0EEkiSeggkkSS0EEkmZMkn7bQe0Z7H8AOpoi+0Yuktnjbh65r3ebylKKOHzblR0B1C13UlvJwzf01RQcKj8cMRf2qIQ695ldx9B1zZY27VC7isLjJ0efxyr8PGe2dfBJX8uk3W9dZ/0ojyaIRSSJJ6CCSzF+ST1roPaO9D2AHE0kiSeggkkSS0EEkiSShlVuG3OxCL1FGghsMEhQm8eKdxtXf2w355/EHGuh93vIzPJpbiplZnPNxfLrMIdq8qIFfPMTF3qI3Sw1fDJw7/UxVmOndKv7rwEO4R8PZ1Myr6nQLvWe09wHsOCJJJAkdRJJIEjqIJJEkdBBJzqckH7fQe0Z7H8DOgEDeYYi2wkCqqTk16lw3Em1lmeqVTWlWw4oaFVEvomzTdD3nPO67hjE8WvNLeLCGVq9myYsUSzdmXjUWBNaaKXxdKq5xJzcxGpnDQ4suMMbAnZihx59fSc4d8a6hg63hVk56O7iT2Q5u64kk20uSc8XWumeX1nfizcaivRJJtpUkXyxVQ0lWlnWcLar7JpJskSTHWmhmdOVP1QV/GRrw+R4dH9/z3mr9Y2XfyOFciCRTEUm2kSTn/vDHM+tbVNe/kHC8snxh/TtI/Udx+I2/8RrVfB6zmFApInukcr8hMUqtZz1xWkS3mE9FtMlOcdF1Q26wOhzxdvEieb/B5Spe5M6iLnaoRpI8W/NIDfbud9sKT5bdHLq6pTYWQs/HcfsjjWKaPonHoZfaVLwOS2EOOs36Nz6VJDXrkpw7sk/H9UHN8b2nisPNf+9HRjWfxywmkWTbS1KLEEn6JJJsuSQbMHLhQJLP9Xt6JOmPSLLlknzUwuSfJGeXHlqNJP0SSba5JJ+v/5TZ815+cd9KMKPo+SDkRd6LSpPLU+5FKSRxlK8rOlRq9L4rRYJz3ufyYloGS6QooAyMJ/Oi2lCoZlGN4uhBfHmyhheLqSXkVzufeCEVlkzR2qdXD/khNBZnETwOSa6zeZZGdbJNLZlSfdjCVJKkBLyVRJKdI0l5nH9M3EIiyc6UJG0pW0gk2aGSrJxwg+OJNDieVyJJn5J80ELvGe19ANuOSBJJmqPqewDbA+q8j9ICVazDS1bJik25uVGoLSjy7heljmuuJP1mN0K5o+oar3FCSgsnmx/HOXow5PufHIIehx6reaKGU03aaq55QqpvquGDimV++Qyt4IIk3MmLchzTMEGdbJSM/YXoa+CmWb8PkWQbE0kiyQaj6nsA24NIsk0keb+F3jPa+wC2B5Ekkmwwqr4HsD2IJJFkg1H1PYA+IbDFVCpPrVLRyEWmoqTFi62SNHF1Sh1XfNzBGjnIO4VZrn6RNReariZ1eih5J5U8Q1OjnhjC4w+6gQtJVBcjtRSyfgC31txT870adLnJSstRHMSHoneLi9BJbVpcyeOL6hbvzPodiSTbjkiy7SR5t4XeM9r7APokkkSSqUbV9wD6JJJEkqlG1fcA+iSSRJKpRtX3ALacQoqmJK7n6Nxq3NCAvDbPmxQSEDsCS3QVaKJeFNPIO1dyj0pgPIkxaPddCleYUmxaQi/K4RpNlSLaXOklU65jK5Jra9DjVm9S4plXWi2lOOdOzr0A6rcsiS7iITyZU9XqOJz1m1O900LvGe19AFtOJIkks46q7wFsOZEkksw6qr4HsOVEku0sydst9J7R3gew5USSSDLrqPoewJYTSSLJrKPqewBbBGEpVvS9fQgvKqXeMOdmM1mSoiQMxdq/vFNchAqk9rmaZ4CuMD5YfVeYwxpAdJJpahRjIKpqieJFfzUq1HKOg9z+8H1D8FzOkmKiLkl+XnN9DRKoBOyNeCkWX8Yheb/ceAHh4hxTuFJla77uWb9NkaRPIsnOkOStFnrPaO8D2CIiSSTZNL0PYIuIJJFk0/Q+gC0ikkSSTdP7AM4nFHkUFrJVSGJTeEcXudrlNqqx6lazhkU5isJUcaXf3u+2rcdrnq95EZAEfTTni/eJOoUqTh931OUshSzGyKmmRlm3YqNebiK65PmSn9U8UMPRz5CEkhdtVjLHkqgtizt5kcVUJCqHdugiS4KIPPPKzUlytIXeM9r7AM4nkSSSzIPeB3A+iSSRZB70PoDzSSSJJPOg9wGcTyLJjpPkzRZ6z2jvA5g/lHruGvJ9Q7bU3cEhlSEuUgBvGdKsbrWWuETjfanBnURVqeXjCD1tKcq/VdDUKQ+HOhhvH6ZaxYsqxnmMhYN8dVykt4gyJbF7zKs1zK/6jtXhSk5V3SL/1xrPp8IZfcmXDZEffNL1Q65zMW7W710k2SIiSSSZL70PYP5EkkgyX3ofwPyJJDtYkjda6D2jvQ9g/kSSSDJfeh/APNFSIdR/SAynd7qmdafhm0+gbjONd25xdctHNzalafWHj6NQpfy7jkYdS80jrGnCGLUXiHXCY61gapulW1HoGjasaPsTPljSUI5Cit/VUMf6OYdIoMIVNSiiTjOJqluYwdvar8STTug1udhTS9BD55YMSeTP5lZLiSTnm0iy4yX5fQu9Z7T3AcyTSLJrJDl3RHsm/vs/q2rPT7RR4knvmXgyeyZOIpLsFknODfafPrvEPrsXnFrN7rtTEkl2iSRfrLlRS7KyXP3X2k+T5eqh7OM+LZFkx0vyuxaaGV35U3XBXzDg3BF+WvDH8T3vrdY/WkYP58KiSEIgHy0mK9UwlUnlVutx0Oq4nKpAutJK6u5oVaNVEiDKutNzuu5qPJRTScFnMhCVpRmY81+Yw0WSBOe4kiONgXfc1XUHa/2+UkPKVCR6rYbeLRVuvQIwOqh8S+GWr7uYhMWLrJOi1VEoPvOZ+nhmXqGXu7q0m++s38apJDn3hz+eKfdxR5KV5Qvr30HqP4rDb5Qpj2o+j+mdSLJ7JKkZkeTrtf+7Nfihsnp876nicFNZGh/VfB7TO5Fk90pydmntR0Yk6SaSLIYkGzByYSHJ2aX6V5BI0k0kWQxJXmth458kn9elrEgyEe9d8wTdTvRFPUvLE4nx6WES5YYudXTZHGWL7ztzl3TR/lEKP7j8Xq9c4jqZ1HBhS8PzlSRfNrMiKQPX4qSFCjX3eqIY0qgCxxfG5Xymqltcz5M1cPL9mxpKXJIEaXhR1S0ausizO81ud9uVJOEL5/HuBxO8c5u/ZhzjnqI1bNbv6MySrCxX+vU8v7hPIJLsdklW+CcSSAm4nUiycJK82sIGkhz3ryb5x8R2Iskul2TQlVJV9W8faUtpJZLsckm+rgpJVk64wfFEGhzXIP+PGkpYWoSEmhYvUj560G0qLgIJL5GiGhfR50j1JXKATmRBfvAOeXcZ7V4eV0zvemzIs55l5aYZGlJ+ib0cqU3FhSyeUVSz+EI0Jg+P1KovhCsZreZXoQJ9T1Sz9M8NvEPdixcf4JDCFB0nWjCGv7diY13+dvgS+Tj9FSAJRyrLebUVN7BcjSRcNMO3dWpJtpTeB7BJIsliSvJKC71ntPcBbJJIEkm2jN4HsEkiSSTZMnofwCaJJJFky+h9AJskkiymJL9pofeM9j6A2aG8SgDVlkU9lG+uskcMvZeNvo/EiMsf8660nm51SwNVUgksKeX2YjEiUny/JeSDC3P4JF5UddeHRRmaMbrOe6cdJYVFV1mhH9dzOx93ibNI85Ty741zSZnWnSbFdG2p44pmLMziVCVf8s2dWlLIawQxGkmCFIxB4vJQz+FCp6swjS6vGb63kWRORJJIsrX0PoDZiSQLLMnPW+g9o70PYHYiSSTZWnofwOxEkkiytfQ+gJlw9kj6IftSVJI4dCrVPEVlycuTHCRwlG6QRAHEB6KqJ5P/u4fIQVLqvGpmF4UqHqwiEYf3G0//8nwp1ay4XK1jJIpP4qKimIZDOifQtllrnNC9QaC0P881NaSUEpZW5kEnzHB/2AGeiVPXetYU59z5Ax7vz9RKxzyZ2zUJiwobfngPoIswhYHM8A2OJN+cSLLokvyshd4z2vsAZiKSRJIe6H0AMxFJIkkP9D6AmYgkkaQHeh/AlBwyjwzROQHEDPnghVMoHx12gDkvVkvxTKvHTXGT62BEmQ960vrp+pdrnqvhba1xwmcUWeR6zOBJMofY8Xhlj4QhBc9Q3Y2YMdD7XKwjgKx2ol9tvaKpfKDlyROgNC2DthQKUzzzGv4KkIJ3JAmhp8T1gOFy6mDqOGFgjFFPQgp0Qx9Jwn9HGOgM3+bqgRZ6z2jvA5iSSBJJeqP3AUxJJIkkvdH7AKYkkkSS3uh9AFMSSXaHJD9oofeM9j6AbopmkkOj6MXCF/vhktcz4MqSLvKSKeS10A1J5APOIQWJkINIURTTnq55vualGunFlUhRrGhKdwcxUv5p+SD0F7s+RMCI4g3uFuFIZvE4LkKHow208zmSkHeaRSQJC71hlrLHIWPgIrWlXDlEhSskQx/qYloLFe+xWZd6S1+U1Yv4wU0zfK8jySaJJJGkX3ofQDeRJJL0S+8D6CaS7CJJ7mmh94z2PoBuIkkk6ZfeB9BNJIkk/dL7ACbwtLNHyLUmClEm78VCKZbkSfdRkVIfPWHHdNPBITxOJWVSSMOWmqvwxXO49HiGw5PkAyu0YA6SaMUW9CnqwEQbP75lCBw+XOMiKxTNVOSdFKq/DLsbIb8eM96qUUmY91kAmFOZ80HN+zUq7FIyxiyeoT4pRCXkWs6H+9GnGBPvc7l04yKG41rzPXyJfMkzfNur77XQe0Z7H8AEIkkkiSQdRJJIEkk6iCSRJJJ0EEl2pyS3ttB7RnsfwDi/rvkt0BLVKomPHnel6SngkJvIa9G7hQkPu4OLOz0n6yCfgSk6tx9ciQQvuQSm6pnngPE2urzMZ3KlOq4o9VCTwr6r3HxFynSOBDjFbLCbvBUPASVw2uSWgNL6pUDixzs1vzdv17xbgxnvc/hRjfLvjXm5U3pxJ3WwNwwDLRbn9dYh0o9D7uRUS8rRFTbzpKtIMh2RJJJEkg4iSSTplOTckcEW1Se9B1zr4TyIJJFkO0lyUwstGT23vrVu+26ii7+xaCSJJB2SfLFUSZL2fakXe4tqQo4eyju+UOJS1Ik+R780DihOPcf7nHPniy4/gSSxCm4bUWGr6EBBGkREPFW30JPLf2R4JqN73sPlTq1o6rlJRcmLXhQkUY2KRDiQ2lXktSFFxwkXuWNEJbAPDD5wO6cfAi/iw2u2oKkX528a8u+L3mocSiJKZO6S0cCvHzJDAKaSZOVP1QV/Gezjvue91Xqn6n2TDudCJIkkO02Sc3/44xltUb2yfOGZwR/th/OJZSSJJNtJkutbmLyP+7kj+mFxfO+p9sNvFsfhqObzmDkRSSJJJOkgkux2STZg5MJIEkl2rST5SbIRvx1FktDARcifMQ7sYfvCi0X5lajizAvgVjDdRNSJNgv6qlDrvKu66y4vz+F6zP1iotHbpTE+POQWb35DIderAN/P8j5USrXWMIVfCrHUUJV/AuferLfom+J9d1RdSscVeSa/76AGL/J45f/jBu8OoS4svdANh1Q3dsOXHZIkVJiP2oq3Grh1bIYUVNe2MFmS3faLeySJJDNLsttKwJEkkswuyS77x8RIEknW4nhlCxtIssvaUiJJJNmEJCsn3NXYejgPtoEkTxm3bRWTrpz359wdRSBVg3Kq1VyFL1zOkyQJpnGkFB8aQmqLrXeKJ6ET5/5MWVAU16wbqNqFOSy2iwlXsIEOK/pyu9b+xRx6r/Qvy0yF8iwmLalLCovs0cBFcyz5L3bVKcpPSEWq+eBXXP3Ch9OGKyl+yRxu4lySHKtxsUwO+vCoh8c5j3vb/mDKDFmYWpItpfcBRJJIYiLJBCJJJFmn+k4LvWe09wFEkkhiIskEIkkkWSeSjPOrGsz4tU1Bj7LGZUg5+XWd61mvlvKsC1+YxZNeslmEXllGCjpGvLvu3dScaCZ50VJxO6ORrm6NedALq1Dy4lTmeGaWUkzeqV5xp/bCQR/yXrSlYA73SC93eyj/5J2buFwXIZUbUoqOlKJhBT8w4RP4tIYXCbVexA/0KapbRJ38HzW8rTF5ZhdHb7jhhStnCEQkGSeSRJIRqstaiCSRJJKYSDJOJIkkI0SScSJJJBkhkowTSSLJCNW3W9i9kvyqATF8bsjTVsXmCPJOfiUFhVuireougSWLhUmeeaUOLHygbetOY1PU4OU6MkOUqDblYRefqUXf14YWAmJ+FaaweJBmYrnPVVUcUs9AuEdzlyyJyq/ExmZpMV6WGOJfp3VOoMl30fVF9JFE1d/PhqDL3wFJPjGUgHkRnYrpW+7qet+S8OI7Bv1mSEUkGSGSRJJxIskIkSSSjBNJRogkkWSc6uIWIkkkiSQmkozwi5rJprxgSGVxTtQJvSpJXua3wEsHq8GLVFNz0jK/1KTYA5eak6pbLk9p+hZONvvJqHbx8U804MEyB/0wQdUtPon5UextI0k4pDqlMLCfLWNgTFogmJQzyUpFI0zj/H1DStmiV9sBEWXyXUyycsOWbrIk/6jRIaY0S2DWBVM+4nY+44M2PJvr3UjyjYgkkWSc6qIWIkkkiSQmkowQSSLJOJFkhEgSScaJJCNYkl+bYpaUW0II5EuNZhSODtoPqlHFpj7eoveQZ0UhibYDYjFTUkl+Vd3ywieHveSK/XjZFDOvGA5X8o58wUHWMiW6N/AhlJ/oRlI169IhDORmzOJKVljRBG8KW9S5FG1WOKXkRQA/cD2JfXvVpkJASTVSHDPFfCvXtL40+MKLReHLD9EYLK6aqyiufThEF22uunVpC5EkkkQSE0lGiCSRZJxIMkIkiSTjRJIRIkkkGaf6Vgu7UZJfNCiqW+5AUQuIq13KpueLkHRVkpDAeVUHitdGlTmk1vo8ToCJFZUkbRjitUxf8iyS1opbsfQqw+F9TJEk9LbwZBWyUAEzPHPkJppLqN+w7+736TihzsXl2sTcEzYEE0QwhwD+zlNHWBjlIle/3Mui5UtIOVdKEmpWPN4lrn98OqToTbGI2nOXZV04/56dpe7VnE8CM2QjkgyIJJFkEpFkQCSJJJOIJAMiSSSZRHVJC5EkkkQSE0kGRJJIMolIMqCQopDES6YQuKd8+GJb6h9twDu6iDs54h0F0CVezNjPoiS8Q54VbRzDuScdfXjG8PHYqS4x9ON29HnG87HuMHwm+aVmernBjO/YH9ZRIeTaeofYkVLVVwmgu7rUTEX+bzVEmcIsT1KdmSexrop23/USLBR/v4J/DNEkLN6nl4vLdSfO8fHvu43LXV0FXM4YfjNVNiLJgEgSSSZRXd5CJIkkkcRMJ8nKX73x28m2wzkTSSLJTpNkZXkrdhMtR3UentlBJIkkk6iuaKGZ0a+rC/+2+u8j9Wbt53Ff6nJU839kF0+ZwpdWSVxJUpHJ9SOiqUIVDVxUtxRQbuIdGrQ0n4rqlS8/SOWJ9+mT+qFxG9W9PJTPLKpZ3M4vlJrgRKpZGAUz1NDFJ+GQLiLVXhhF/0jmhU8kLp/MHC129lFNipQWLVGcIwGpPeaWKp78pvfv4fHu9/oe66iQOqpTD/j+rxoghXq53OX1kSlKZm4g86SsDz0fCzG1cMpU2ZhKks9rPdakeGjtpweHZ5f2jRzOm0gSSXauJCvLF9a/g9R/FIdzzmskiSQ7T5KzS/X/3Xp9TZVzR/Rz4/jeU8XhPMOqUc39iZ1EkkgyierqFsYy+j9La7+h71n75SOSRJJdKMkGDC9a+TPnPzmzwJIU+5GQ/KcaOJUvemuRp92swjmBVP7JsydVPUlKeafoOIFio1zmNl1XQ14164m8k3+VxOhQwTmOpBdPthn3eU0Ukn7AOjIamUdxjRoTKdV/IaluUf9RIwdFIPJrMz509apY+IRmkeKc92lYUVsKXwPFMlKqZhJMobimbhFqWC5s/RM49Eyr038fwmdqJpalKMbogRZrpuDovH+SHK9+emZ15a9rv5NEkkgSSdokGeiwsrz31OL+4h5JIskkqqtamCzJ4paAI0kkmcQ0kqws17+OrP3frX0L/I+JkSSSTGIaSdZ+WvCLOz85FrUtJZJEkklMJcnqv+vy1o//Vh+unHCD44kFanCUCphCtffpBkiiQ8+30lwnmqvoyKK8qtWCCCDRpC78I6Qh/66+XsXCPkUzFS+SWiRRd5O3xFD+eTx5xwyZxJ2UV7UOEbEjgJR4lVIvC6wtehkeH8wzvH3PtXz87wzSMHq1PHERKTtmFcgvdV7pRSo5UjGZEjJfPRdpZx/fKSwJ/NPgg6rBjXWF5AsDKVY0QoVjQz5yIdi6vDtVNqprWtiNrfKRJJJMIpIMiCSRZBKRZEAkiSSTiCQDIkkkmUR1XQu7VxIjH5DAJazfuvDlt1VkImvFSiRIQTVK1S4KVy4iaTFe9OEidZZSWSJGpOoSLzVSrEDAW+jCnfrvGude2ORiUowkTOSSqKjAd1gfR4cWpvBMOYkEzIKiEHU90ebI92j+FCk86mYrUktdq1iZhECqTctZ5aK3/H6xBorX/sWMf0FR6HK1iyuLBYLxAwlkhcVzre2YJdHssamyEUkGRJJIMolIMiCSRJJJRJIBkSSSTKL6bguRJJJEEhNJBhSb9pD/YiFRo7YUDos2FSShaIQet3nHGwpNt3vXWneYaIKTk391461ip1tSzLkuJcq+XGuaeKqUAkm0KR+Rb31fWcYUhyQJV3p1FM16wg/e0cf7HPG48tuseULJSzUq8o00TuXHjqoCyTklMcQqTGJOlupoHPJ+IQWmNCUBJNFCKi55FTAwxiBJvJqK/t6mykYkGRBJIskkqhtaiCSRJJKYSDIgkkSSSUSSAZEkkkwikgxobkUiK7wwCkfFuqNMy9DWIyxJSvmIZg/1hVBEIpqUl24ki95MTDUpXuSvXAuhcD0vMt9DbSjMRKEXpZhfwpXk9XrvLcK3/do2lH/yjD7aisSHvPOA4TPkg9tU+DqkPJJwri/EW5P4SLuUENViUxM270UvjYH+GTpEeObP+EzeJ/n/avphSXgfCbwKqnYyKbbotSSFuB+YqbJR3dhCJIkkkcREkgGRJJJMIpIMiCSRZBKRZEAkiSSTqPa3EEkiSSQxkWTArz3f6gVDoZcjoqpNcDGl2DMXXw4N0YuY4wV+b7cknlSlQ5J/qFgzpcYPfhJHOZc0risTZZUyyR6PkxX2BYc06YqL8EEVZwJKKr3g73d5hyq2SsA8yTbrTv4TgCSIdg9qkELbdw+S0Kulj/dXi0P6K+AzcEhfCH5QcXbxt6BZAvZEraIOXEhiUyLJNyeSRJJJRJIBkSSSTKK6uYVIEkkiiYkkAyJJJJlEJBnwW1M0ayGJlzV9yXg724e9Ggo1KW2Ywzsk/zYnjoDR1aWEMFOL3iz5gHlUzBBRL+LHY4YP8c4/MoeH8iR9CxmOp19pmVOXp7RaitdjLaTgkNHj+f08mZAXdTLyT+CUPbJI6oolVNwypTYt1KAVjA4qmcNfCXce8/OodjUl4VxrqPBxNkVSNCUBxvCh8UQvzfmaKhuRZEAkiSSTqG5pIZJEkkhiIsmASBJJJhFJBkSSSE08j/gAABRNSURBVDKJ6rYWdqMkxQqmzzegulX4QYoP16gm5XPyq9VSCCDLmSi1XsaUd5QQ3uevXKklsC5hsWrqIzjHGPiMw+6C4YMeMZilQ0ZCuYjqlkyyuDonoIyBOpckwV5MkiS8T82JmVNvG0KtNU5ILfmmmqX3iTo+UFa7ksIXL5JPVbPQrWgu8e66rZK0Nqh4VdQvMUNjconL66ac/qDBVNmIJAMiSSSZRCQZEEkiySQiyYBIEkkmUd3ewlhGV04uVdWPz6wfrm8Hd3KBtoOLJJFkElNJsrLMFqJs2L6oG4tGkkgyiakk+ZzNqJerhxZ4i+qnvNhvUQL2/j2cvmzQRZOwqAYTZQqzSilS4IN2uqX8ykI+xbq7pJRUXuLVhLiI6m2xzC/FXxWXSa2X29RSw17RSNsBUbj1EkN6Eubx9iVejYgjeq20GNGtQ7SqMG1aeM7A9SQKvaTuU09z8rq8CiTV3neMt8PlIh0iDUen3YdF9JttW4UpfJJLwF96WeCCT0Y57Yo0nWasK/T+VNmYRpKV5b2n1v44d2Tth8Zx9qk+uzR6OG8iSSTZTpLc0UIjo2eXHlo/XFnm/3PVfxSHc8zqYFRzf2InkSSSTGIaSb6u/vuL17WPOz9N1ji+91RxONe0Mqq5P7GTSBJJJjGdJP/Br+hrNkSSSLILJdmA9Wu+rqqfnln9vz9X+xZYEk26YskUTHnaKwJbEnR4hllQvPiy9+DlHe/D+yhmkEr92xOHrnYxi+lyAuiurqu91i/5lEm8yO2Pu40LEfkF8kYvWkK0tTgvK4+QUgpX2jOXh/I4dWBRbmqso3IPN3G5li+hY4uBsHOPNu3xVjySpBHN0/aHc0pcb/5miBcEPkqNibaqYuoU0S+qW5MLXTblK9+ukeADn1SMiY9Dj1l2372zhbGfJPxOUv/+HkkiSSRpk+Tskqq8azos7i/ukSSSTGIaSQY/M6gEL2wJOJJEkklMI8nq8eonZ+p/TNy3wP+YGEkiySSq77fQzOi519erW4vblvIrU+y+60PMeNYghapbnpSFLnqfFDPV6YduVnHHiCZdEf1i6pQXUiHPMgkJuEhPoq+E6hVvSy9KXN9tgAS0pahwxeOtk3xijPTDqE7GlfjwmvFmwMVCKG7+UGHLs56OerFTLlIgUYHU8s5nbiEpqlUUqpqStErTNMUzr/7uOptFlSSIjSSzTLqaRpLVlb8uVfVPk/rwhBscTyxQg2MkiSSTmE6SrSaSRJLtJMldLUSSSBJJTCQZEEkiySQiyQiuZjWnkngNk2KTEvWJeGUT5nvoReaHkHxlj24QL4AqSahu8f9wrza8SP5Va8QMKmSKPoF1MUx9IuSfd7SrCCl/pea1BryjnW455JMuNVS3cEh75mKazeGZr5ByN6QUkhBIfSFMmSGVCiRPpryEM0dN0T3i1VAKC1o7VL5qUPgxWRJKXnz8LG0pkaQkkkSScaq7W4gkkSSSmEgyQiSJJONEkhEiSSQZJ5KMEEkiyTjVgRZ2uSTuzXr+xSFeEuWwJdFivUx4ckeVOqxYzoRqrf6BFkl4n3dU3UUfr8B7G9Veqr8kXUuqcMj8qOvsz1VDio10KenqnCg7quTz56T894YVekkpvVXFOzikQ4bjOrKar/gkAldIYvigVxken6F1ePHF1d4vXe39zHBuE3SRC72FNEX1188rRjO5BEznmcY0VSoiyQiRJJKME0lGiCSRZJxIMkIkiSTjVPe2EEkiSSQxkWQEr47SBFMkiTu0CkkeacCLXKRJWJ7SRnVLhSrXlHROrJglhRQqVLmhSwuDuiOrWHcFc3hHT2IqFY/zfKlXMQlz5Bd5xw+qT1od5QdD1OCFZNhc9InzcYxOq4W6uuUGrs+8+65qWJ5PxeXKOy9SLCvmY1mS/4XW6larJNbjsw5JPvD8q65URJIRIkkkGSeSjBBJIsk41X0tRJJIEklMJBkhkkSScSLJCKhAGwomvOBzb7n7DIfoou1wXd1Ch8PeusS9KjrnSrpWmER18OYhWvOEv31vUqJJVsyvIto3ANm8tYGrW/p/zEiFRDjJ0X4+iQ9WqwzXE03yXOwiUsBqKdTmeJIGSrGMxVQkMgH8qgFZJLraWJfAco4Z/3TKqcV9bHix0KNpihtWijqZn/ypG2a6qlvTSfLDFiJJJIkkJpKMEEkiyTiRZIRIEknGiSQjRJJIMk51fwuRJJJEEhNJRkACQv2sm7XIPw1Zhww+aM9cb2r7sOF9z8l6gifxeFYVVvGYPLP2Bibc4oYvO/coPafebfcuyq+UgMnvxd7vxxIc5EpeZE8gbdrDIaOTfi4+v9MAczSdCx94MkNU/5gnSakrjOG4b6o9wLzl7X+KF79sYEmatFZ/Cz8mSyL9sLUoATOcrlREkhEiSSQZJ5KMEEkiyTjVj1qIJJEkkphIMkIkiSTjRJIRMIOAFirgh7u0VJ4i9EoxqeTFItq8X5TEfE4rmF70MsC6ydOzCLEc5EVE08eTavwgmlp3hRTTNKaKG/eTZ+pa6HEFDVtUp/Z7yRWOKPLIDw6ZKqWtd7xHLgFT1sgeUf+727ac7yLqBFTbAXETn+EteLVRL9UtPvMNPoTCE7c3q1lfNj9kKJrgcdK3UdgqJOHxH3jdlq5URJIRIkkkGad6sIVIEkkiiYkkI0SSSDJOJBkhkkSScaaX5Gtts7ty0nsmnlygPROFq1mSxL+nkWcdIs2zhnyziU8hBQ0txaqpfrKLXYcJPR0ierIlKSY4cU4dTDUpUk1Ji7fVq4I5vM3ld/AiK7DweM3EYrde8iqzvE7LBwZJinPXg5g5pRVLHUBVklyjIvkKpCWQbt66hxc/cneIH/eJ50uhhyz4Z4NGYetTwzNPWxW3uhzzFzKzJAdbaMvo2SVJsqi774pIEknGmVaSleUKSRZ2H3cRSSLJONNK8vmev2DD8T3vrdY/VvaNHM6bSBJJdp4ka7+Q8DvJyvKF9e8g9R/F4dyzGkkiyXaS5OEWxjJ67sg+/eJeH9Qc33uqOJxvUFcjSSTZgZLUIuwKSVzIVZ3PszUp1KpJGl+KqHttYE5f9m7VSKLpW7xl8bQyOXm+3bDkED4QXb3IIT7o48k/DVwc6SLXkXURD+FL4DO0qw7zo1hs6B5P0qKBi8Ks8s+KvwRIa/wcG8JFyrsnUSmQxO6zBqSUj9POP0iGg7zdWs0VVJQbxd+mHl/5SlV/eWgxJktiPT7yTCttmz1d79YGDC/6XL+nR5JIsjslaS6qVtPI6Nmlh1YjSSSJJBtI8vn6j5Y97y36L+6RJJKMM6Mki14CjiSRZJxpJBFf74Z/TCwKWw50QxeBKfrr4kqXvJhU9Zx3AnrGYEoxJwFTqJUo2qScVHum1Y+QgHNN3+LjKHHRm6WZWNjNZ2g6F1dyzuO1JAurn5B8rQ38xhD25WUR4svQr9jPB1+8Wa8avMgiumgfX+5/d8hpd0txro/DQd5xq1dhSpN2NRp+YIYkcbFN5SyPAUm0225TEsbUlYrqUAsb9W4tdltKJIkk48wsycoJNzieWLgGx0gSScaZXpKtJJJEkkjSNaq+PjiSRJJxqkdb2L2SOL+qbpEwd6Ro+xbv5X2vlyTliPzKB6+VqtRaP3SQaThGvqUbLSRIQTVLH8I5l0tc3qLkRXVLOwNZXB73S3TlHDE1cJZM8dqmv2HSFqukEnK9iCRcpMYNYkV1irpXEUDWSaF69QBZwylEpAHlbVJIlN/1pC2vadIsaakk1uqLzSiqXy5sfebCFqaoGMcYG70oH7rz5h1X9LpSEUlGiCSRZJxIMkIkiSTjRJIRIkkkGad6vIVIEkkiiYkk4+CDUkvM7huimQT3DilU4QixVINyVPXTmRf52+VUUeZxvKOPo1B1ewOqXdyki1zYAr1opbVaCl+D55NouLSlMLOEvH8PaQg5dS1Vs/CF7HzYwOWhD4nd7wxScGfxostNuolzol3o0lSl8MX4ykKNwg93wRRTR3xYfA2eRCKRI8kmiSSRZIRIMk4kiSQjVI+1EEkiSSQxkWScSBJJRogk40SSSDJC9csWdrkkmCEfqJ8SwHubakxE1V1uQoqDrsS6RPyCq8NIoou4n5JuIQmP82IrWmuYy9lVR/pyiBTqAqNOjASsi0Kx93p84EXy/Brn1kUvOlCapuTAMWnqI+Ny6vuck1ICWESXKCva1GR5kYtUTP7HRLjyy0KNUT2KSVafFlOtaoqBN2ZaDQq/NZHkGxFJIskIkWScSBJJRogk40SSSDJC9UQLkSSSRBITScZpTq1qNGwd8LqkTT94p+mLdMMX572Q5KDhJi9zqoe42KauMiSxToLrcUoiIw1msCAqe/5c6615tDAKYSGw7xv7oTC5V6vAfVKftiE/uLJINZ9E3YuBvWoaXV1jPkDx5MbHMZBP3KtVOO6SViGJ9XgL8bsCEUnGiSSRZIRIMk4kiSQjVE+2EEkiSSQxkWScSBJJRogk4xBlBbJRzbp7eriTQpPK6kjAOSUq5mS9xDucq7mEm/yMQjcKVyT/FpxDXO6RzZwzCesyQ82KSVVMovoBkhCLt41NOep1SN29IX8I4CemyGabKs3qluChVNDof9HGKqyySpSbPjTnT3H7Jy6hNcXFZpfdPmj4oa/GM62Omq5ARJJxIkkkGaE63EIkiSSRxESScSJJJBkhkowTSSLJCJFknEgSSUaonm1hl0viJYKEJ10VhdpWM+5qwO0PuveLPFMM1r/a4gcNXTrnIs7J/wGXhAmUJMFeZl7x4AOuBl9UozYt9thliSBSqUor5VdiofpnQ5L37Qc0e7eaphTF4TZTSlUahdtjhoFwVFzEES9qTJ7TpXMG9vGQ4nFFm5b9sBlvsQwSVXAvhPxGVyAiyTiRJJKMEEnGiSSRZITqmRYiSSSJJCaSjBNJIskI00ny7/+sqj0/0R5wJ70d3MmF2w4OCj+mL2w1/bAk93vxX/JtCYoVWbSkCh1Y6EIJS09m/52ram4EljvhnLdx6A4+7poaerUuZj7Vqw1Y0bfo3ZrcwOXy0IcNUz52EYnbP274U5jUlKbBR56p1dTJushBxEb+ogLHmDy6Yn5VUZbzfyx0J3U1zCj2KeoKxFSSnF1iC9ELTq0u+saiEEkiyQjVyy00MrqyXP3X2k+T5eqhhd+iGiJJJBlhGknOHdk3/OP4nvdW6x8to4fzJpJEkh0myYBakpXlC+vfQeo/isP5ZnQ1kkSSnSrJ12v/d2vwQ2X1+N5TxeH88rk+qrk/cRbIc1HYmrEtRZe6UKW+EXekIMEh7+dTTN+i+cSFLa2WwouYoUYOmk2uHnIFUN1iGVPevoRuD8JBTB6wNO5NOeoOFUyRHwSsKUmRxQaFOeSZFz+ZTFOVZvGrUQc77YcyUDx/xSWxYohuQykk4S+DvwL+4/CmzXjNdAWieqmF1oyeXVr7kRFJIskulGQDRi48u1T/ChJJIskulGTKnySf16WsSBJJIskkSVaWK/16vit+cY8kkWSE6sUWmhld4Z9IYDeUgCk3Fc0kkyVRDavhh2ai8A6O6SIKV0iBBJKET+IzaDPZT/WKahVHakNhIMWHen+Sq8yVNV7LVFiSewyx0Ea7+MJNLvq84Zkn7zZ9GXWmxL5wJP38oid9aNZHl0Qc+fKi+USDsKPFGHjHtbp3mUjDfzdo15EP/G0UnTr8lfDiBoGYSpLj/gfD3fCPiZEkkowwjSSDrpSqqn/72AVtKZEkkowwjSRfV4UkKyfc4HhiMRscI0kkGaF6oYVd3iofSSLJCJFknEgSSUaIJON4nZTmfj2FCj46UPgybNi6l0PyLWnww8v2ahKXV/BVdZc2LSrGHOnjKBkzU0vL/lLd5ft+eQ0NW9ewOspNBklIAKfy45UhkohD3iEwPzPu8nqz0dBVHBZLrnB/0xwucp6Pcd6oGJ9uStTQ6VirDw0+bFR/1ZSG6FcOkRT8J8D/8dhIDVM930IkiSSRxESScSJJJBkhkowTSSLJCJFknEgSSUaonmthl0sCBxv797QXtibj+Vb3efUVF8M0EwtJqFbpJlezqF5JCtZCZQzSD0mQiBfVGsYmPYRBknynhvMbDedk43pjSWQS+iGezpHg3TZYfEU7/RDIZvXrWBsfz0ZxZ39ZiCQTiCSRZJ1IMoFIEknWiSQTiCSRZJ3q6RZ6z2jvA4gkkcREkgloz1yi3KxuAdFsleaAA03viapbNKO4uqWOE69+onOyyYtIUuxHQq+KPonr+QxKXtINSZh+RSPGt3nSFUP0JPRCH83XumgIxS5dymIrOEhfx61eENWLqwhe7Pv7tBVEkglEkkiyTiSZQCSJJOtUv22h94z2PoBIEklMJJlAJIkk60SSCUSSSLJOJNkQV28PNFRprQvDgwYzpBuHvrMo+SKNKs5cxBJChFzzqcgzdWKlmLe4Ez1UF+YiusAw4VJM6ftvb1Gonmqh94z2PoB1IkmIJB1EkhBJOogkYS2Ov26h94z2PoB1IkmIJB0UMTQH2nD+5Qdm0HbFAsCP8RbVrb6/pjArkWRDIkmIJB1EkrAWx1+10HtGex/AOpEkRJIOIkmIJCF0EklC6KD6RQu9Z7T3AYRgIkkIHUSSEDqIJCF0ULXS+6j6HkAI251IEkIHkSSEDiJJCB1EkhA6iCQhdBBJQuggkoTQQSQJoYNIEkIHkSSEDiJJCB1EkhA6iCQhdBBJQuggkoTQQSQJoYNIEkIHkSSEDiJJCB1EkhA6iCQhdBBJQuggkoTQQSQJoYNIEkIHkSSEDiJJCB1EkhA6iCQhdBBJQuggkoTQQSQJoYNIEkIHkSSEDiJJCB1EkhA6iCQhdBBJQuggkoTQQSQJoYNIEkIHkSSEDiJJCB1EkhA6iCQhdBBJQuggkoTQQSQJoYNIEkIHkSSEDiJJCB1EkhA6iCQhdBBJQuggkoTQQSQJoYP/B3SlQUhyspxSAAAAAElFTkSuQmCC\" />

<!-- rnb-plot-end -->
"
